model,false_positive_rate,true_positive_rate
Clinical-only,0.0,0.0
Clinical-only,0.006896551724137931,0.0
Clinical-only,0.013793103448275862,0.0
Clinical-only,0.013793103448275862,0.037037037037037035
Clinical-only,0.020689655172413793,0.037037037037037035
Clinical-only,0.027586206896551724,0.037037037037037035
Clinical-only,0.027586206896551724,0.07407407407407407
Clinical-only,0.027586206896551724,0.1111111111111111
Clinical-only,0.034482758620689655,0.1111111111111111
Clinical-only,0.041379310344827586,0.1111111111111111
Clinical-only,0.04827586206896552,0.1111111111111111
Clinical-only,0.05517241379310345,0.1111111111111111
Clinical-only,0.05517241379310345,0.14814814814814814
Clinical-only,0.05517241379310345,0.18518518518518517
Clinical-only,0.06206896551724138,0.18518518518518517
Clinical-only,0.06206896551724138,0.2222222222222222
Clinical-only,0.06896551724137931,0.2222222222222222
Clinical-only,0.06896551724137931,0.25925925925925924
Clinical-only,0.06896551724137931,0.2962962962962963
Clinical-only,0.07586206896551724,0.2962962962962963
Clinical-only,0.08275862068965517,0.2962962962962963
Clinical-only,0.0896551724137931,0.2962962962962963
Clinical-only,0.09655172413793103,0.2962962962962963
Clinical-only,0.09655172413793103,0.3333333333333333
Clinical-only,0.10344827586206896,0.3333333333333333
Clinical-only,0.10344827586206896,0.37037037037037035
Clinical-only,0.1103448275862069,0.37037037037037035
Clinical-only,0.11724137931034483,0.37037037037037035
Clinical-only,0.12413793103448276,0.37037037037037035
Clinical-only,0.1310344827586207,0.37037037037037035
Clinical-only,0.13793103448275862,0.37037037037037035
Clinical-only,0.14482758620689656,0.37037037037037035
Clinical-only,0.14482758620689656,0.4074074074074074
Clinical-only,0.14482758620689656,0.4444444444444444
Clinical-only,0.15172413793103448,0.4444444444444444
Clinical-only,0.15862068965517243,0.4444444444444444
Clinical-only,0.15862068965517243,0.48148148148148145
Clinical-only,0.16551724137931034,0.48148148148148145
Clinical-only,0.1724137931034483,0.48148148148148145
Clinical-only,0.1793103448275862,0.48148148148148145
Clinical-only,0.1793103448275862,0.5185185185185185
Clinical-only,0.18620689655172415,0.5185185185185185
Clinical-only,0.19310344827586207,0.5185185185185185
Clinical-only,0.2,0.5185185185185185
Clinical-only,0.20689655172413793,0.5185185185185185
Clinical-only,0.21379310344827587,0.5185185185185185
Clinical-only,0.2206896551724138,0.5185185185185185
Clinical-only,0.22758620689655173,0.5185185185185185
Clinical-only,0.23448275862068965,0.5185185185185185
Clinical-only,0.2413793103448276,0.5185185185185185
Clinical-only,0.2482758620689655,0.5185185185185185
Clinical-only,0.25517241379310346,0.5185185185185185
Clinical-only,0.25517241379310346,0.5555555555555556
Clinical-only,0.2620689655172414,0.5555555555555556
Clinical-only,0.2689655172413793,0.5555555555555556
Clinical-only,0.27586206896551724,0.5555555555555556
Clinical-only,0.2827586206896552,0.5555555555555556
Clinical-only,0.2827586206896552,0.5925925925925926
Clinical-only,0.2896551724137931,0.5925925925925926
Clinical-only,0.296551724137931,0.5925925925925926
Clinical-only,0.30344827586206896,0.5925925925925926
Clinical-only,0.3103448275862069,0.5925925925925926
Clinical-only,0.31724137931034485,0.5925925925925926
Clinical-only,0.32413793103448274,0.5925925925925926
Clinical-only,0.3310344827586207,0.5925925925925926
Clinical-only,0.33793103448275863,0.5925925925925926
Clinical-only,0.3448275862068966,0.5925925925925926
Clinical-only,0.35172413793103446,0.5925925925925926
Clinical-only,0.35172413793103446,0.6296296296296297
Clinical-only,0.3586206896551724,0.6296296296296297
Clinical-only,0.36551724137931035,0.6296296296296297
Clinical-only,0.3724137931034483,0.6296296296296297
Clinical-only,0.3724137931034483,0.6666666666666666
Clinical-only,0.3793103448275862,0.6666666666666666
Clinical-only,0.38620689655172413,0.6666666666666666
Clinical-only,0.3931034482758621,0.6666666666666666
Clinical-only,0.4,0.6666666666666666
Clinical-only,0.4,0.7037037037037037
Clinical-only,0.4068965517241379,0.7037037037037037
Clinical-only,0.41379310344827586,0.7037037037037037
Clinical-only,0.41379310344827586,0.7407407407407407
Clinical-only,0.4206896551724138,0.7407407407407407
Clinical-only,0.4206896551724138,0.7777777777777778
Clinical-only,0.42758620689655175,0.7777777777777778
Clinical-only,0.43448275862068964,0.7777777777777778
Clinical-only,0.4413793103448276,0.7777777777777778
Clinical-only,0.4413793103448276,0.8148148148148148
Clinical-only,0.4482758620689655,0.8148148148148148
Clinical-only,0.45517241379310347,0.8148148148148148
Clinical-only,0.45517241379310347,0.8518518518518519
Clinical-only,0.46206896551724136,0.8518518518518519
Clinical-only,0.4689655172413793,0.8518518518518519
Clinical-only,0.47586206896551725,0.8518518518518519
Clinical-only,0.4827586206896552,0.8518518518518519
Clinical-only,0.4896551724137931,0.8518518518518519
Clinical-only,0.496551724137931,0.8518518518518519
Clinical-only,0.503448275862069,0.8518518518518519
Clinical-only,0.5103448275862069,0.8518518518518519
Clinical-only,0.5172413793103449,0.8518518518518519
Clinical-only,0.5241379310344828,0.8518518518518519
Clinical-only,0.5310344827586206,0.8518518518518519
Clinical-only,0.5379310344827586,0.8518518518518519
Clinical-only,0.5448275862068965,0.8518518518518519
Clinical-only,0.5517241379310345,0.8518518518518519
Clinical-only,0.5586206896551724,0.8518518518518519
Clinical-only,0.5655172413793104,0.8518518518518519
Clinical-only,0.5724137931034483,0.8518518518518519
Clinical-only,0.5793103448275863,0.8518518518518519
Clinical-only,0.5862068965517241,0.8518518518518519
Clinical-only,0.593103448275862,0.8518518518518519
Clinical-only,0.6,0.8518518518518519
Clinical-only,0.6,0.8888888888888888
Clinical-only,0.6068965517241379,0.8888888888888888
Clinical-only,0.6137931034482759,0.8888888888888888
Clinical-only,0.6206896551724138,0.8888888888888888
Clinical-only,0.6275862068965518,0.8888888888888888
Clinical-only,0.6344827586206897,0.8888888888888888
Clinical-only,0.6413793103448275,0.8888888888888888
Clinical-only,0.6482758620689655,0.8888888888888888
Clinical-only,0.6551724137931034,0.8888888888888888
Clinical-only,0.6620689655172414,0.8888888888888888
Clinical-only,0.6689655172413793,0.8888888888888888
Clinical-only,0.6758620689655173,0.8888888888888888
Clinical-only,0.6827586206896552,0.8888888888888888
Clinical-only,0.6896551724137931,0.8888888888888888
Clinical-only,0.696551724137931,0.8888888888888888
Clinical-only,0.696551724137931,0.9259259259259259
Clinical-only,0.7034482758620689,0.9259259259259259
Clinical-only,0.7103448275862069,0.9259259259259259
Clinical-only,0.7172413793103448,0.9259259259259259
Clinical-only,0.7241379310344828,0.9259259259259259
Clinical-only,0.7310344827586207,0.9259259259259259
Clinical-only,0.7379310344827587,0.9259259259259259
Clinical-only,0.7448275862068966,0.9259259259259259
Clinical-only,0.7517241379310344,0.9259259259259259
Clinical-only,0.7517241379310344,0.9629629629629629
Clinical-only,0.7586206896551724,0.9629629629629629
Clinical-only,0.7655172413793103,0.9629629629629629
Clinical-only,0.7655172413793103,1.0
Clinical-only,0.7724137931034483,1.0
Clinical-only,0.7793103448275862,1.0
Clinical-only,0.7862068965517242,1.0
Clinical-only,0.7931034482758621,1.0
Clinical-only,0.8,1.0
Clinical-only,0.8068965517241379,1.0
Clinical-only,0.8137931034482758,1.0
Clinical-only,0.8206896551724138,1.0
Clinical-only,0.8275862068965517,1.0
Clinical-only,0.8344827586206897,1.0
Clinical-only,0.8413793103448276,1.0
Clinical-only,0.8482758620689655,1.0
Clinical-only,0.8551724137931035,1.0
Clinical-only,0.8620689655172413,1.0
Clinical-only,0.8689655172413793,1.0
Clinical-only,0.8758620689655172,1.0
Clinical-only,0.8827586206896552,1.0
Clinical-only,0.8896551724137931,1.0
Clinical-only,0.896551724137931,1.0
Clinical-only,0.903448275862069,1.0
Clinical-only,0.9103448275862069,1.0
Clinical-only,0.9172413793103448,1.0
Clinical-only,0.9241379310344827,1.0
Clinical-only,0.9310344827586207,1.0
Clinical-only,0.9379310344827586,1.0
Clinical-only,0.9448275862068966,1.0
Clinical-only,0.9517241379310345,1.0
Clinical-only,0.9586206896551724,1.0
Clinical-only,0.9655172413793104,1.0
Clinical-only,0.9724137931034482,1.0
Clinical-only,0.9793103448275862,1.0
Clinical-only,0.9862068965517241,1.0
Clinical-only,0.993103448275862,1.0
Clinical-only,1.0,1.0
CXR-only,0.0,0.0
CXR-only,0.006896551724137931,0.0
CXR-only,0.013793103448275862,0.0
CXR-only,0.020689655172413793,0.0
CXR-only,0.027586206896551724,0.0
CXR-only,0.034482758620689655,0.0
CXR-only,0.041379310344827586,0.0
CXR-only,0.041379310344827586,0.037037037037037035
CXR-only,0.04827586206896552,0.037037037037037035
CXR-only,0.05517241379310345,0.037037037037037035
CXR-only,0.06206896551724138,0.037037037037037035
CXR-only,0.06896551724137931,0.037037037037037035
CXR-only,0.06896551724137931,0.07407407407407407
CXR-only,0.07586206896551724,0.07407407407407407
CXR-only,0.07586206896551724,0.1111111111111111
CXR-only,0.08275862068965517,0.1111111111111111
CXR-only,0.0896551724137931,0.1111111111111111
CXR-only,0.09655172413793103,0.1111111111111111
CXR-only,0.10344827586206896,0.1111111111111111
CXR-only,0.1103448275862069,0.1111111111111111
CXR-only,0.11724137931034483,0.1111111111111111
CXR-only,0.11724137931034483,0.14814814814814814
CXR-only,0.12413793103448276,0.14814814814814814
CXR-only,0.1310344827586207,0.14814814814814814
CXR-only,0.1310344827586207,0.18518518518518517
CXR-only,0.1310344827586207,0.2222222222222222
CXR-only,0.13793103448275862,0.2222222222222222
CXR-only,0.14482758620689656,0.2222222222222222
CXR-only,0.15172413793103448,0.2222222222222222
CXR-only,0.15172413793103448,0.25925925925925924
CXR-only,0.15862068965517243,0.25925925925925924
CXR-only,0.15862068965517243,0.2962962962962963
CXR-only,0.16551724137931034,0.2962962962962963
CXR-only,0.1724137931034483,0.2962962962962963
CXR-only,0.1793103448275862,0.2962962962962963
CXR-only,0.18620689655172415,0.2962962962962963
CXR-only,0.19310344827586207,0.2962962962962963
CXR-only,0.2,0.2962962962962963
CXR-only,0.20689655172413793,0.2962962962962963
CXR-only,0.21379310344827587,0.2962962962962963
CXR-only,0.21379310344827587,0.3333333333333333
CXR-only,0.2206896551724138,0.3333333333333333
CXR-only,0.22758620689655173,0.3333333333333333
CXR-only,0.23448275862068965,0.3333333333333333
CXR-only,0.23448275862068965,0.37037037037037035
CXR-only,0.2413793103448276,0.37037037037037035
CXR-only,0.2482758620689655,0.37037037037037035
CXR-only,0.25517241379310346,0.37037037037037035
CXR-only,0.2620689655172414,0.37037037037037035
CXR-only,0.2689655172413793,0.37037037037037035
CXR-only,0.27586206896551724,0.37037037037037035
CXR-only,0.2827586206896552,0.37037037037037035
CXR-only,0.2827586206896552,0.4074074074074074
CXR-only,0.2896551724137931,0.4074074074074074
CXR-only,0.296551724137931,0.4074074074074074
CXR-only,0.30344827586206896,0.4074074074074074
CXR-only,0.3103448275862069,0.4074074074074074
CXR-only,0.3103448275862069,0.4444444444444444
CXR-only,0.31724137931034485,0.4444444444444444
CXR-only,0.32413793103448274,0.4444444444444444
CXR-only,0.3310344827586207,0.4444444444444444
CXR-only,0.3310344827586207,0.48148148148148145
CXR-only,0.3310344827586207,0.5185185185185185
CXR-only,0.33793103448275863,0.5185185185185185
CXR-only,0.3448275862068966,0.5185185185185185
CXR-only,0.35172413793103446,0.5185185185185185
CXR-only,0.3586206896551724,0.5185185185185185
CXR-only,0.36551724137931035,0.5185185185185185
CXR-only,0.3724137931034483,0.5185185185185185
CXR-only,0.3793103448275862,0.5185185185185185
CXR-only,0.38620689655172413,0.5185185185185185
CXR-only,0.3931034482758621,0.5185185185185185
CXR-only,0.3931034482758621,0.5555555555555556
CXR-only,0.4,0.5555555555555556
CXR-only,0.4068965517241379,0.5555555555555556
CXR-only,0.41379310344827586,0.5555555555555556
CXR-only,0.4206896551724138,0.5555555555555556
CXR-only,0.42758620689655175,0.5555555555555556
CXR-only,0.43448275862068964,0.5555555555555556
CXR-only,0.4413793103448276,0.5555555555555556
CXR-only,0.4482758620689655,0.5555555555555556
CXR-only,0.45517241379310347,0.5555555555555556
CXR-only,0.46206896551724136,0.5555555555555556
CXR-only,0.4689655172413793,0.5555555555555556
CXR-only,0.47586206896551725,0.5555555555555556
CXR-only,0.4827586206896552,0.5555555555555556
CXR-only,0.4896551724137931,0.5555555555555556
CXR-only,0.496551724137931,0.5555555555555556
CXR-only,0.503448275862069,0.5555555555555556
CXR-only,0.5103448275862069,0.5555555555555556
CXR-only,0.5172413793103449,0.5555555555555556
CXR-only,0.5241379310344828,0.5555555555555556
CXR-only,0.5310344827586206,0.5555555555555556
CXR-only,0.5379310344827586,0.5555555555555556
CXR-only,0.5448275862068965,0.5555555555555556
CXR-only,0.5517241379310345,0.5555555555555556
CXR-only,0.5586206896551724,0.5555555555555556
CXR-only,0.5655172413793104,0.5555555555555556
CXR-only,0.5724137931034483,0.5555555555555556
CXR-only,0.5793103448275863,0.5555555555555556
CXR-only,0.5862068965517241,0.5555555555555556
CXR-only,0.5862068965517241,0.5925925925925926
CXR-only,0.593103448275862,0.5925925925925926
CXR-only,0.6,0.5925925925925926
CXR-only,0.6068965517241379,0.5925925925925926
CXR-only,0.6137931034482759,0.5925925925925926
CXR-only,0.6206896551724138,0.5925925925925926
CXR-only,0.6275862068965518,0.5925925925925926
CXR-only,0.6344827586206897,0.5925925925925926
CXR-only,0.6413793103448275,0.5925925925925926
CXR-only,0.6413793103448275,0.6296296296296297
CXR-only,0.6482758620689655,0.6296296296296297
CXR-only,0.6551724137931034,0.6296296296296297
CXR-only,0.6620689655172414,0.6296296296296297
CXR-only,0.6689655172413793,0.6296296296296297
CXR-only,0.6758620689655173,0.6296296296296297
CXR-only,0.6827586206896552,0.6296296296296297
CXR-only,0.6827586206896552,0.6666666666666666
CXR-only,0.6896551724137931,0.6666666666666666
CXR-only,0.696551724137931,0.6666666666666666
CXR-only,0.7034482758620689,0.6666666666666666
CXR-only,0.7034482758620689,0.7037037037037037
CXR-only,0.7103448275862069,0.7037037037037037
CXR-only,0.7172413793103448,0.7037037037037037
CXR-only,0.7172413793103448,0.7407407407407407
CXR-only,0.7172413793103448,0.7777777777777778
CXR-only,0.7241379310344828,0.7777777777777778
CXR-only,0.7310344827586207,0.7777777777777778
CXR-only,0.7379310344827587,0.7777777777777778
CXR-only,0.7379310344827587,0.8148148148148148
CXR-only,0.7448275862068966,0.8148148148148148
CXR-only,0.7448275862068966,0.8518518518518519
CXR-only,0.7517241379310344,0.8518518518518519
CXR-only,0.7586206896551724,0.8518518518518519
CXR-only,0.7655172413793103,0.8518518518518519
CXR-only,0.7724137931034483,0.8518518518518519
CXR-only,0.7724137931034483,0.8888888888888888
CXR-only,0.7793103448275862,0.8888888888888888
CXR-only,0.7862068965517242,0.8888888888888888
CXR-only,0.7931034482758621,0.8888888888888888
CXR-only,0.8,0.8888888888888888
CXR-only,0.8068965517241379,0.8888888888888888
CXR-only,0.8137931034482758,0.8888888888888888
CXR-only,0.8206896551724138,0.8888888888888888
CXR-only,0.8275862068965517,0.8888888888888888
CXR-only,0.8344827586206897,0.8888888888888888
CXR-only,0.8413793103448276,0.8888888888888888
CXR-only,0.8482758620689655,0.8888888888888888
CXR-only,0.8551724137931035,0.8888888888888888
CXR-only,0.8620689655172413,0.8888888888888888
CXR-only,0.8689655172413793,0.8888888888888888
CXR-only,0.8758620689655172,0.8888888888888888
CXR-only,0.8827586206896552,0.8888888888888888
CXR-only,0.8896551724137931,0.8888888888888888
CXR-only,0.896551724137931,0.8888888888888888
CXR-only,0.903448275862069,0.8888888888888888
CXR-only,0.903448275862069,0.9259259259259259
CXR-only,0.9103448275862069,0.9259259259259259
CXR-only,0.9172413793103448,0.9259259259259259
CXR-only,0.9241379310344827,0.9259259259259259
CXR-only,0.9310344827586207,0.9259259259259259
CXR-only,0.9379310344827586,0.9259259259259259
CXR-only,0.9448275862068966,0.9259259259259259
CXR-only,0.9448275862068966,0.9629629629629629
CXR-only,0.9517241379310345,0.9629629629629629
CXR-only,0.9586206896551724,0.9629629629629629
CXR-only,0.9655172413793104,0.9629629629629629
CXR-only,0.9724137931034482,0.9629629629629629
CXR-only,0.9793103448275862,0.9629629629629629
CXR-only,0.9793103448275862,1.0
CXR-only,0.9862068965517241,1.0
CXR-only,0.993103448275862,1.0
CXR-only,1.0,1.0
Clinical + CXR,0.0,0.0
Clinical + CXR,0.006896551724137931,0.0
Clinical + CXR,0.006896551724137931,0.037037037037037035
Clinical + CXR,0.013793103448275862,0.037037037037037035
Clinical + CXR,0.013793103448275862,0.07407407407407407
Clinical + CXR,0.013793103448275862,0.1111111111111111
Clinical + CXR,0.020689655172413793,0.1111111111111111
Clinical + CXR,0.027586206896551724,0.1111111111111111
Clinical + CXR,0.034482758620689655,0.1111111111111111
Clinical + CXR,0.041379310344827586,0.1111111111111111
Clinical + CXR,0.04827586206896552,0.1111111111111111
Clinical + CXR,0.05517241379310345,0.1111111111111111
Clinical + CXR,0.05517241379310345,0.14814814814814814
Clinical + CXR,0.06206896551724138,0.14814814814814814
Clinical + CXR,0.06896551724137931,0.14814814814814814
Clinical + CXR,0.07586206896551724,0.14814814814814814
Clinical + CXR,0.08275862068965517,0.14814814814814814
Clinical + CXR,0.0896551724137931,0.14814814814814814
Clinical + CXR,0.09655172413793103,0.14814814814814814
Clinical + CXR,0.10344827586206896,0.14814814814814814
Clinical + CXR,0.10344827586206896,0.18518518518518517
Clinical + CXR,0.10344827586206896,0.2222222222222222
Clinical + CXR,0.1103448275862069,0.2222222222222222
Clinical + CXR,0.11724137931034483,0.2222222222222222
Clinical + CXR,0.11724137931034483,0.25925925925925924
Clinical + CXR,0.12413793103448276,0.25925925925925924
Clinical + CXR,0.1310344827586207,0.25925925925925924
Clinical + CXR,0.13793103448275862,0.25925925925925924
Clinical + CXR,0.14482758620689656,0.25925925925925924
Clinical + CXR,0.14482758620689656,0.2962962962962963
Clinical + CXR,0.15172413793103448,0.2962962962962963
Clinical + CXR,0.15862068965517243,0.2962962962962963
Clinical + CXR,0.16551724137931034,0.2962962962962963
Clinical + CXR,0.1724137931034483,0.2962962962962963
Clinical + CXR,0.1724137931034483,0.3333333333333333
Clinical + CXR,0.1793103448275862,0.3333333333333333
Clinical + CXR,0.18620689655172415,0.3333333333333333
Clinical + CXR,0.19310344827586207,0.3333333333333333
Clinical + CXR,0.2,0.3333333333333333
Clinical + CXR,0.20689655172413793,0.3333333333333333
Clinical + CXR,0.21379310344827587,0.3333333333333333
Clinical + CXR,0.21379310344827587,0.37037037037037035
Clinical + CXR,0.2206896551724138,0.37037037037037035
Clinical + CXR,0.22758620689655173,0.37037037037037035
Clinical + CXR,0.23448275862068965,0.37037037037037035
Clinical + CXR,0.2413793103448276,0.37037037037037035
Clinical + CXR,0.2482758620689655,0.37037037037037035
Clinical + CXR,0.25517241379310346,0.37037037037037035
Clinical + CXR,0.2620689655172414,0.37037037037037035
Clinical + CXR,0.2620689655172414,0.4074074074074074
Clinical + CXR,0.2689655172413793,0.4074074074074074
Clinical + CXR,0.27586206896551724,0.4074074074074074
Clinical + CXR,0.27586206896551724,0.4444444444444444
Clinical + CXR,0.27586206896551724,0.48148148148148145
Clinical + CXR,0.2827586206896552,0.48148148148148145
Clinical + CXR,0.2896551724137931,0.48148148148148145
Clinical + CXR,0.296551724137931,0.48148148148148145
Clinical + CXR,0.296551724137931,0.5185185185185185
Clinical + CXR,0.30344827586206896,0.5185185185185185
Clinical + CXR,0.3103448275862069,0.5185185185185185
Clinical + CXR,0.31724137931034485,0.5185185185185185
Clinical + CXR,0.31724137931034485,0.5555555555555556
Clinical + CXR,0.32413793103448274,0.5555555555555556
Clinical + CXR,0.3310344827586207,0.5555555555555556
Clinical + CXR,0.3310344827586207,0.5925925925925926
Clinical + CXR,0.33793103448275863,0.5925925925925926
Clinical + CXR,0.3448275862068966,0.5925925925925926
Clinical + CXR,0.35172413793103446,0.5925925925925926
Clinical + CXR,0.3586206896551724,0.5925925925925926
Clinical + CXR,0.36551724137931035,0.5925925925925926
Clinical + CXR,0.36551724137931035,0.6296296296296297
Clinical + CXR,0.3724137931034483,0.6296296296296297
Clinical + CXR,0.3793103448275862,0.6296296296296297
Clinical + CXR,0.38620689655172413,0.6296296296296297
Clinical + CXR,0.3931034482758621,0.6296296296296297
Clinical + CXR,0.3931034482758621,0.6666666666666666
Clinical + CXR,0.4,0.6666666666666666
Clinical + CXR,0.4068965517241379,0.6666666666666666
Clinical + CXR,0.41379310344827586,0.6666666666666666
Clinical + CXR,0.4206896551724138,0.6666666666666666
Clinical + CXR,0.4206896551724138,0.7037037037037037
Clinical + CXR,0.42758620689655175,0.7037037037037037
Clinical + CXR,0.43448275862068964,0.7037037037037037
Clinical + CXR,0.4413793103448276,0.7037037037037037
Clinical + CXR,0.4482758620689655,0.7037037037037037
Clinical + CXR,0.4482758620689655,0.7407407407407407
Clinical + CXR,0.45517241379310347,0.7407407407407407
Clinical + CXR,0.46206896551724136,0.7407407407407407
Clinical + CXR,0.4689655172413793,0.7407407407407407
Clinical + CXR,0.4689655172413793,0.7777777777777778
Clinical + CXR,0.47586206896551725,0.7777777777777778
Clinical + CXR,0.4827586206896552,0.7777777777777778
Clinical + CXR,0.4896551724137931,0.7777777777777778
Clinical + CXR,0.496551724137931,0.7777777777777778
Clinical + CXR,0.503448275862069,0.7777777777777778
Clinical + CXR,0.503448275862069,0.8148148148148148
Clinical + CXR,0.5103448275862069,0.8148148148148148
Clinical + CXR,0.5172413793103449,0.8148148148148148
Clinical + CXR,0.5241379310344828,0.8148148148148148
Clinical + CXR,0.5310344827586206,0.8148148148148148
Clinical + CXR,0.5379310344827586,0.8148148148148148
Clinical + CXR,0.5448275862068965,0.8148148148148148
Clinical + CXR,0.5517241379310345,0.8148148148148148
Clinical + CXR,0.5586206896551724,0.8148148148148148
Clinical + CXR,0.5586206896551724,0.8518518518518519
Clinical + CXR,0.5655172413793104,0.8518518518518519
Clinical + CXR,0.5724137931034483,0.8518518518518519
Clinical + CXR,0.5793103448275863,0.8518518518518519
Clinical + CXR,0.5862068965517241,0.8518518518518519
Clinical + CXR,0.593103448275862,0.8518518518518519
Clinical + CXR,0.6,0.8518518518518519
Clinical + CXR,0.6068965517241379,0.8518518518518519
Clinical + CXR,0.6137931034482759,0.8518518518518519
Clinical + CXR,0.6206896551724138,0.8518518518518519
Clinical + CXR,0.6275862068965518,0.8518518518518519
Clinical + CXR,0.6344827586206897,0.8518518518518519
Clinical + CXR,0.6413793103448275,0.8518518518518519
Clinical + CXR,0.6482758620689655,0.8518518518518519
Clinical + CXR,0.6551724137931034,0.8518518518518519
Clinical + CXR,0.6551724137931034,0.8888888888888888
Clinical + CXR,0.6620689655172414,0.8888888888888888
Clinical + CXR,0.6689655172413793,0.8888888888888888
Clinical + CXR,0.6758620689655173,0.8888888888888888
Clinical + CXR,0.6827586206896552,0.8888888888888888
Clinical + CXR,0.6896551724137931,0.8888888888888888
Clinical + CXR,0.696551724137931,0.8888888888888888
Clinical + CXR,0.696551724137931,0.9259259259259259
Clinical + CXR,0.7034482758620689,0.9259259259259259
Clinical + CXR,0.7103448275862069,0.9259259259259259
Clinical + CXR,0.7172413793103448,0.9259259259259259
Clinical + CXR,0.7241379310344828,0.9259259259259259
Clinical + CXR,0.7310344827586207,0.9259259259259259
Clinical + CXR,0.7379310344827587,0.9259259259259259
Clinical + CXR,0.7448275862068966,0.9259259259259259
Clinical + CXR,0.7517241379310344,0.9259259259259259
Clinical + CXR,0.7586206896551724,0.9259259259259259
Clinical + CXR,0.7655172413793103,0.9259259259259259
Clinical + CXR,0.7724137931034483,0.9259259259259259
Clinical + CXR,0.7793103448275862,0.9259259259259259
Clinical + CXR,0.7862068965517242,0.9259259259259259
Clinical + CXR,0.7931034482758621,0.9259259259259259
Clinical + CXR,0.7931034482758621,0.9629629629629629
Clinical + CXR,0.8,0.9629629629629629
Clinical + CXR,0.8068965517241379,0.9629629629629629
Clinical + CXR,0.8137931034482758,0.9629629629629629
Clinical + CXR,0.8206896551724138,0.9629629629629629
Clinical + CXR,0.8275862068965517,0.9629629629629629
Clinical + CXR,0.8344827586206897,0.9629629629629629
Clinical + CXR,0.8413793103448276,0.9629629629629629
Clinical + CXR,0.8482758620689655,0.9629629629629629
Clinical + CXR,0.8551724137931035,0.9629629629629629
Clinical + CXR,0.8620689655172413,0.9629629629629629
Clinical + CXR,0.8689655172413793,0.9629629629629629
Clinical + CXR,0.8758620689655172,0.9629629629629629
Clinical + CXR,0.8827586206896552,0.9629629629629629
Clinical + CXR,0.8827586206896552,1.0
Clinical + CXR,0.8896551724137931,1.0
Clinical + CXR,0.896551724137931,1.0
Clinical + CXR,0.903448275862069,1.0
Clinical + CXR,0.9103448275862069,1.0
Clinical + CXR,0.9172413793103448,1.0
Clinical + CXR,0.9241379310344827,1.0
Clinical + CXR,0.9310344827586207,1.0
Clinical + CXR,0.9379310344827586,1.0
Clinical + CXR,0.9448275862068966,1.0
Clinical + CXR,0.9517241379310345,1.0
Clinical + CXR,0.9586206896551724,1.0
Clinical + CXR,0.9655172413793104,1.0
Clinical + CXR,0.9724137931034482,1.0
Clinical + CXR,0.9793103448275862,1.0
Clinical + CXR,0.9862068965517241,1.0
Clinical + CXR,0.993103448275862,1.0
Clinical + CXR,1.0,1.0
