recall,precision
0.0,0.0
0.0,0.0
0.037037037037037035,0.3333333333333333
0.037037037037037035,0.25
0.037037037037037035,0.2
0.07407407407407407,0.3333333333333333
0.1111111111111111,0.42857142857142855
0.1111111111111111,0.375
0.1111111111111111,0.3333333333333333
0.1111111111111111,0.3
0.1111111111111111,0.2727272727272727
0.14814814814814814,0.3333333333333333
0.18518518518518517,0.38461538461538464
0.18518518518518517,0.35714285714285715
0.2222222222222222,0.4
0.2222222222222222,0.375
0.25925925925925924,0.4117647058823529
0.2962962962962963,0.4444444444444444
0.2962962962962963,0.42105263157894735
0.2962962962962963,0.4
0.2962962962962963,0.38095238095238093
0.2962962962962963,0.36363636363636365
0.3333333333333333,0.391304347826087
0.3333333333333333,0.375
0.37037037037037035,0.4
0.37037037037037035,0.38461538461538464
0.37037037037037035,0.37037037037037035
0.37037037037037035,0.35714285714285715
0.37037037037037035,0.3448275862068966
0.37037037037037035,0.3333333333333333
0.37037037037037035,0.3225806451612903
0.4074074074074074,0.34375
0.4444444444444444,0.36363636363636365
0.4444444444444444,0.35294117647058826
0.4444444444444444,0.34285714285714286
0.48148148148148145,0.3611111111111111
0.48148148148148145,0.35135135135135137
0.48148148148148145,0.34210526315789475
0.48148148148148145,0.3333333333333333
0.5185185185185185,0.35
0.5185185185185185,0.34146341463414637
0.5185185185185185,0.3333333333333333
0.5185185185185185,0.32558139534883723
0.5185185185185185,0.3181818181818182
0.5185185185185185,0.3111111111111111
0.5185185185185185,0.30434782608695654
0.5185185185185185,0.2978723404255319
0.5185185185185185,0.2916666666666667
0.5185185185185185,0.2857142857142857
0.5185185185185185,0.28
0.5185185185185185,0.27450980392156865
0.5555555555555556,0.28846153846153844
0.5555555555555556,0.2830188679245283
0.5555555555555556,0.2777777777777778
0.5555555555555556,0.2727272727272727
0.5555555555555556,0.26785714285714285
0.5925925925925926,0.2807017543859649
0.5925925925925926,0.27586206896551724
0.5925925925925926,0.2711864406779661
0.5925925925925926,0.26666666666666666
0.5925925925925926,0.26229508196721313
0.5925925925925926,0.25806451612903225
0.5925925925925926,0.25396825396825395
0.5925925925925926,0.25
0.5925925925925926,0.24615384615384617
0.5925925925925926,0.24242424242424243
0.5925925925925926,0.23880597014925373
0.6296296296296297,0.25
0.6296296296296297,0.2463768115942029
0.6296296296296297,0.24285714285714285
0.6296296296296297,0.23943661971830985
0.6666666666666666,0.25
0.6666666666666666,0.2465753424657534
0.6666666666666666,0.24324324324324326
0.6666666666666666,0.24
0.6666666666666666,0.23684210526315788
0.7037037037037037,0.24675324675324675
0.7037037037037037,0.24358974358974358
0.7037037037037037,0.24050632911392406
0.7407407407407407,0.25
0.7407407407407407,0.24691358024691357
0.7777777777777778,0.25609756097560976
0.7777777777777778,0.25301204819277107
0.7777777777777778,0.25
0.7777777777777778,0.24705882352941178
0.8148148148148148,0.2558139534883721
0.8148148148148148,0.25287356321839083
0.8148148148148148,0.25
0.8518518518518519,0.25842696629213485
0.8518518518518519,0.25555555555555554
0.8518518518518519,0.25274725274725274
0.8518518518518519,0.25
0.8518518518518519,0.24731182795698925
0.8518518518518519,0.24468085106382978
0.8518518518518519,0.24210526315789474
0.8518518518518519,0.23958333333333334
0.8518518518518519,0.23711340206185566
0.8518518518518519,0.23469387755102042
0.8518518518518519,0.23232323232323232
0.8518518518518519,0.23
0.8518518518518519,0.22772277227722773
0.8518518518518519,0.22549019607843138
0.8518518518518519,0.22330097087378642
0.8518518518518519,0.22115384615384615
0.8518518518518519,0.21904761904761905
0.8518518518518519,0.2169811320754717
0.8518518518518519,0.21495327102803738
0.8518518518518519,0.21296296296296297
0.8518518518518519,0.21100917431192662
0.8518518518518519,0.20909090909090908
0.8888888888888888,0.21621621621621623
0.8888888888888888,0.21428571428571427
0.8888888888888888,0.21238938053097345
0.8888888888888888,0.21052631578947367
0.8888888888888888,0.20869565217391303
0.8888888888888888,0.20689655172413793
0.8888888888888888,0.20512820512820512
0.8888888888888888,0.2033898305084746
0.8888888888888888,0.20168067226890757
0.8888888888888888,0.2
0.8888888888888888,0.19834710743801653
0.8888888888888888,0.19672131147540983
0.8888888888888888,0.1951219512195122
0.8888888888888888,0.1935483870967742
0.8888888888888888,0.192
0.9259259259259259,0.1984126984126984
0.9259259259259259,0.1968503937007874
0.9259259259259259,0.1953125
0.9259259259259259,0.1937984496124031
0.9259259259259259,0.19230769230769232
0.9259259259259259,0.19083969465648856
0.9259259259259259,0.1893939393939394
0.9259259259259259,0.18796992481203006
0.9259259259259259,0.1865671641791045
0.9629629629629629,0.1925925925925926
0.9629629629629629,0.19117647058823528
0.9629629629629629,0.1897810218978102
1.0,0.1956521739130435
1.0,0.19424460431654678
1.0,0.19285714285714287
1.0,0.19148936170212766
1.0,0.19014084507042253
1.0,0.1888111888111888
1.0,0.1875
1.0,0.18620689655172415
1.0,0.18493150684931506
1.0,0.1836734693877551
1.0,0.18243243243243243
1.0,0.18120805369127516
1.0,0.18
1.0,0.17880794701986755
1.0,0.17763157894736842
1.0,0.17647058823529413
1.0,0.17532467532467533
1.0,0.17419354838709677
1.0,0.17307692307692307
1.0,0.17197452229299362
1.0,0.17088607594936708
1.0,0.16981132075471697
1.0,0.16875
1.0,0.16770186335403728
1.0,0.16666666666666666
1.0,0.1656441717791411
1.0,0.16463414634146342
1.0,0.16363636363636364
1.0,0.16265060240963855
1.0,0.16167664670658682
1.0,0.16071428571428573
1.0,0.15976331360946747
1.0,0.1588235294117647
1.0,0.15789473684210525
1.0,0.1569767441860465
