bin_left,bin_right,survived,died
0.0,0.05,33,0
0.05,0.1,48,5
0.1,0.15000000000000002,21,6
0.15000000000000002,0.2,17,2
0.2,0.25,6,4
0.25,0.30000000000000004,5,1
0.30000000000000004,0.35000000000000003,6,3
0.35000000000000003,0.4,0,1
0.4,0.45,1,2
0.45,0.5,3,0
0.5,0.55,1,1
0.55,0.6000000000000001,1,1
0.6000000000000001,0.65,1,1
0.65,0.7000000000000001,1,0
0.7000000000000001,0.75,1,0
0.75,0.8,0,0
0.8,0.8500000000000001,0,0
0.8500000000000001,0.9,0,0
0.9,0.9500000000000001,0,0
0.9500000000000001,1.0,0,0
